,variation,release_group,exercise_id,n_sets,MARE,OBZ,OB1,EC,rep_error_bias,is_FA,n_total_reps,signal_score,MARE delta w/ hydra_v5_fastridefix,n_sets delta w/ hydra_v5_fastridefix,is_FA delta w/ hydra_v5_fastridefix,signal_score delta w/ hydra_v5_fastridefix
0,alternating lunge jumps with both arms swinging,List A,613,17,7.03%,58.82%,82.35%,1,-0.06,98.15%,181,90.78%,-2.81%,0.00,-0.14%,3.57%
1,alternating lunge jumps with runner arms,List A,612,15,12.20%,33.33%,80.00%,0,0.07,97.38%,204,92.17%,-10.93%,0.00,0.02%,82.85%
2,bent over row kneeling alternating with resting arm down,MVP,620,6,17.78%,16.67%,50.00%,0,-1.50,97.51%,95,65.24%,4.68%,0.00,0.24%,-1.37%
3,bent over row kneeling both arms,MVP,618,7,2.29%,71.43%,100.00%,1,0.00,99.92%,86,93.27%,-1.63%,0.00,0.00%,4.89%
4,bent over row standing alternating with resting arm down,MVP,614,8,9.00%,50.00%,75.00%,1,-1.13,99.46%,108,67.12%,-0.69%,0.00,-0.16%,9.42%
5,bent over row standing alternating with resting arm up,List A,615,4,14.46%,25.00%,50.00%,0,-1.50,100.00%,60,80.39%,4.75%,0.00,0.00%,1.62%
6,bent over row standing both arms,MVP,616,9,1.11%,88.89%,100.00%,1,-0.11,99.71%,90,90.90%,1.11%,0.00,-0.09%,-4.47%
7,bent over row standing single arm,MVP,619,6,21.44%,0.00%,33.33%,0,-3.50,90.65%,112,59.83%,3.33%,0.00,-0.27%,2.05%
8,bicep curl balancing left alternating with resting arm down,MVP,629,8,1.25%,87.50%,100.00%,1,0.13,97.30%,82,94.65%,0.00%,0.00,-0.66%,-1.69%
9,bicep curl balancing left single arm,MVP,637,6,6.25%,33.33%,66.67%,1,-0.67,96.63%,148,82.51%,-0.31%,0.00,-0.05%,-12.44%
10,bicep curl balancing right both arms,MVP,632,9,1.11%,88.89%,100.00%,1,0.11,97.81%,92,98.71%,0.00%,0.00,-0.11%,-0.22%
11,bicep curl kneeling alternating with resting arm down,MVP,643,10,0.71%,90.00%,100.00%,1,0.10,97.60%,110,88.78%,-1.71%,0.00,0.13%,-4.38%
12,bicep curl kneeling with both arms,MVP,645,12,1.59%,83.33%,100.00%,1,0.17,98.13%,111,96.37%,0.00%,0.00,0.11%,-0.90%
13,bicep curl kneeling with single arm,MVP,647,7,13.95%,57.14%,71.43%,0,-0.86,99.72%,136,91.14%,2.38%,0.00,0.09%,3.21%
14,bicep curl kneeling with single arm with resting arm half up,List A,648,7,11.36%,28.57%,71.43%,0,-1.71,100.00%,144,94.08%,0.00%,0.00,0.00%,0.01%
15,bicep curl standing alternating with resting arm down,MVP,657,9,6.75%,55.56%,88.89%,1,-0.11,97.45%,99,90.89%,-4.07%,0.00,0.14%,-5.05%
16,bicep curl standing alternating with resting arm up,List A,652,9,15.62%,0.00%,77.78%,0,0.00,99.95%,90,89.36%,5.56%,0.00,0.05%,-3.15%
17,bicep curl standing with both arms,MVP,653,20,4.34%,85.00%,95.00%,1,0.30,99.22%,195,92.28%,2.88%,0.00,0.10%,-0.36%
18,bicep curl standing with single arm,MVP,655,11,1.34%,72.73%,100.00%,1,0.09,99.73%,203,95.36%,0.00%,0.00,-0.05%,0.88%
19,bird dog opposite arm and leg knee to elbow,List A,1024,15,19.05%,20.00%,33.33%,0,1.00,98.78%,269,91.43%,-1.39%,0.00,0.04%,-3.35%
20,bird dog opposite arm and leg rep,List A,1025,7,1.59%,85.71%,100.00%,1,0.14,97.70%,99,70.95%,1.59%,0.00,-0.43%,4.85%
21,bodyweight squat 1.5 squat,List A,572,12,29.23%,33.33%,50.00%,0,1.42,95.10%,125,95.86%,-0.82%,0.00,0.56%,-1.62%
22,bodyweight squat arms by side,MVP,575,6,4.59%,50.00%,83.33%,1,0.00,91.43%,82,81.02%,-1.50%,0.00,0.89%,9.16%
23,bodyweight squat arms overhead,MVP,573,7,0.00%,100.00%,100.00%,1,0.00,99.51%,68,62.42%,-1.43%,0.00,-0.11%,3.37%
24,bodyweight squat arms straight out,MVP,574,4,2.50%,75.00%,100.00%,1,0.25,98.38%,38,42.00%,0.00%,0.00,0.70%,8.41%
25,bodyweight squat arms swinging,MVP,576,5,0.00%,100.00%,100.00%,1,0.00,93.96%,57,96.31%,0.00%,0.00,-0.12%,-0.68%
26,bodyweight squat hands at shoulders,MVP,329,19,2.45%,78.95%,94.74%,1,-0.05,96.26%,201,96.54%,0.49%,0.00,-0.04%,2.43%
27,bodyweight squat hands centered,MVP,577,19,0.00%,100.00%,100.00%,1,0.00,95.34%,194,93.00%,-1.28%,0.00,0.19%,0.17%
28,bodyweight squat hands on head,MVP,578,13,2.31%,84.62%,92.31%,1,-0.23,98.03%,128,95.50%,0.00%,0.00,0.08%,0.18%
29,bodyweight sumo squat 1.5 squat,List A,1628,3,27.02%,0.00%,33.33%,0,3.00,98.37%,34,95.65%,8.84%,0.00,0.00%,0.83%
30,bodyweight sumo squat arms overhead,MVP,1629,5,9.09%,80.00%,80.00%,1,-1.00,96.36%,51,75.11%,-4.00%,0.00,-0.06%,3.76%
31,bodyweight sumo squat arms straight out,MVP,1630,5,0.00%,100.00%,100.00%,1,0.00,97.63%,55,89.61%,0.00%,0.00,-0.61%,0.44%
32,bodyweight sumo squat arms swinging,MVP,1631,5,1.82%,80.00%,100.00%,1,-0.20,93.36%,56,93.31%,1.82%,0.00,0.70%,-1.68%
33,bodyweight sumo squat hands centered,MVP,1632,5,0.00%,100.00%,100.00%,1,0.00,96.37%,50,79.43%,0.00%,0.00,-0.08%,0.33%
34,bodyweight sumo squat hands on head,MVP,1633,5,18.00%,40.00%,60.00%,0,-1.40,81.48%,52,85.11%,6.00%,0.00,0.38%,6.81%
35,bridging clamshells,List A,543,6,0.00%,100.00%,100.00%,1,0.00,100.00%,41,65.10%,-4.17%,0.00,0.00%,-4.93%
36,broad jump with back pedal,List A,1035,18,13.48%,38.89%,77.78%,0,1.61,99.78%,222,39.13%,-14.49%,0.00,0.12%,-38.84%
37,broad jump with jump back,List A,1037,7,34.61%,0.00%,28.57%,0,0.14,89.90%,51,71.52%,14.46%,0.00,-1.43%,17.04%
38,burpee chest to the ground,MVP,664,18,7.59%,66.67%,94.44%,1,0.17,93.79%,98,85.56%,0.56%,0.00,-0.06%,1.71%
39,burpee from plank,MVP,665,16,5.47%,75.00%,87.50%,1,-0.13,92.94%,88,81.95%,2.99%,0.00,0.00%,3.44%
40,burpee with pushup,MVP,666,17,17.55%,41.18%,76.47%,0,-0.47,94.94%,109,65.18%,0.20%,0.00,-0.01%,5.64%
41,chest fly standing both arms,MVP,1050,8,3.52%,62.50%,100.00%,1,0.38,97.32%,81,97.74%,-0.96%,0.00,-0.08%,-0.66%
42,chest fly standing staggered both arms,MVP,1051,12,5.11%,50.00%,91.67%,1,0.42,97.35%,138,96.88%,0.00%,0.00,0.00%,-0.80%
43,clamshells from laying,List A,587,17,9.79%,52.94%,82.35%,1,-1.00,98.93%,201,64.93%,0.89%,0.00,-0.01%,-0.32%
44,clean both arms hang,List A,1058,20,8.78%,60.00%,95.00%,1,0.85,98.10%,193,91.23%,0.44%,0.00,-0.18%,-0.34%
45,clean single arm alternating,List A,1060,16,14.91%,68.75%,68.75%,0,1.50,97.82%,160,95.28%,8.10%,0.00,-0.10%,-0.56%
46,concentrated curl kneeling lunge,List A,1030,18,8.84%,50.00%,72.22%,1,0.56,97.24%,183,71.78%,-0.06%,0.00,-0.18%,-7.30%
47,cross body curl kneeling alternating with resting arm down,MVP,588,16,4.03%,87.50%,93.75%,1,-0.31,92.74%,169,95.59%,1.24%,0.00,-0.01%,0.49%
48,cross body curl standing alternating with resting arm down,MVP,592,16,0.52%,93.75%,100.00%,1,-0.06,95.44%,160,90.37%,-2.29%,0.00,0.56%,-1.64%
49,cross body curl standing single arm with resting arm down,MVP,593,10,9.79%,60.00%,90.00%,1,-1.80,95.90%,196,97.20%,0.00%,0.00,0.02%,0.80%
50,crunch arms above you,List A,1082,18,10.07%,55.56%,77.78%,0,-0.44,99.98%,195,55.35%,1.56%,0.00,0.00%,-4.50%
51,crunch arms overhead,List A,1081,18,7.91%,72.22%,83.33%,1,0.06,99.12%,178,62.84%,3.08%,0.00,0.06%,-2.00%
52,crunch table top,List A,1083,18,10.33%,44.44%,72.22%,0,-0.67,99.75%,191,23.04%,0.99%,0.00,0.00%,-4.89%
53,deadlift arms by side,MVP,671,15,6.22%,80.00%,86.67%,1,-0.60,87.36%,143,87.28%,-0.74%,0.00,-0.07%,-2.49%
54,deadlift arms straight out,MVP,672,15,4.67%,93.33%,93.33%,1,-0.47,94.35%,144,95.48%,-1.41%,0.00,0.24%,1.16%
55,deadlift hands on hips,MVP,673,15,5.48%,86.67%,86.67%,1,-0.27,89.82%,151,89.45%,1.41%,0.00,-0.16%,-5.50%
56,deadlift romanian,MVP,675,10,1.68%,80.00%,100.00%,1,0.20,90.19%,98,98.61%,0.00%,0.00,-0.43%,-0.19%
57,deadlift single dumbbell,MVP,676,9,7.98%,55.56%,88.89%,1,-1.44,93.20%,128,96.46%,-1.67%,0.00,-0.18%,-0.78%
58,deadlift suitcase,MVP,677,7,9.09%,85.71%,85.71%,1,-1.00,93.98%,72,97.61%,0.00%,0.00,-0.23%,0.18%
59,diagonal chop bodyweight,List A,1065,16,10.15%,68.75%,87.50%,0,0.75,95.52%,318,85.87%,-0.49%,0.00,-0.01%,-3.74%
60,dumbbell pass through on knees,List A,1141,17,13.33%,35.29%,64.71%,0,0.71,98.29%,174,69.94%,-0.18%,0.00,0.13%,10.10%
61,dumbbell pass through on toes,List A,1142,18,15.98%,44.44%,55.56%,0,-0.94,95.33%,180,62.17%,0.05%,-1.00,-0.43%,-0.86%
62,dumbbell push up on knees,MVP,1530,5,7.71%,60.00%,80.00%,1,0.20,97.58%,44,94.71%,2.00%,0.00,-0.45%,6.57%
63,dumbbell push up on toes,MVP,1529,4,0.00%,100.00%,100.00%,1,0.00,98.43%,40,94.86%,0.00%,0.00,0.85%,0.09%
64,dumbbell swing alternating single arm passing dumbbell,List A,679,16,8.46%,37.50%,81.25%,1,-0.63,96.44%,178,87.89%,-1.98%,0.00,-0.41%,-2.03%
65,dumbbell swing both arms single dumbbell,List A,681,19,5.70%,57.89%,94.74%,1,0.05,96.20%,201,94.05%,-0.43%,0.00,-0.12%,-1.40%
66,dumbbell swing suitcase,List A,687,10,3.67%,60.00%,100.00%,1,-0.20,90.47%,107,93.01%,-1.33%,0.00,-0.41%,0.24%
67,dumbbell thruster alternating,MVP,689,14,11.72%,57.14%,71.43%,0,-1.29,97.76%,168,97.54%,0.00%,0.00,0.33%,-0.73%
68,dumbbell thruster classic,MVP,688,12,0.00%,100.00%,100.00%,1,0.00,97.30%,121,98.28%,-1.67%,0.00,0.04%,-0.26%
69,dumbbell thruster to rotational press both arms,MVP,691,10,0.00%,100.00%,100.00%,1,0.00,98.05%,99,92.23%,-2.00%,0.00,0.02%,-0.69%
70,french doors kneeling alternating with resting arm in,MVP,1319,12,4.85%,58.33%,91.67%,1,-0.33,97.61%,123,61.44%,-0.76%,0.00,0.38%,2.93%
71,french doors kneeling both arms,MVP,1145,11,1.92%,81.82%,100.00%,1,0.00,98.43%,111,74.08%,1.01%,0.00,0.31%,-0.93%
72,french doors standing alternating with resting arm in,MVP,1320,20,1.00%,90.00%,100.00%,1,0.10,99.40%,198,69.13%,-0.83%,0.00,0.19%,11.52%
73,french doors standing both arms,MVP,1148,20,1.00%,90.00%,100.00%,1,0.10,99.44%,211,77.68%,-0.92%,0.00,0.00%,-2.54%
74,french doors standing single arm,MVP,1149,14,0.00%,100.00%,100.00%,1,0.00,99.22%,245,72.45%,-0.42%,0.00,0.01%,5.04%
75,front lunge arms by side,MVP,700,8,3.19%,62.50%,100.00%,1,-0.38,95.10%,92,77.54%,-1.39%,0.00,-0.03%,2.34%
76,front lunge arms out laterally,MVP,704,7,2.86%,85.71%,85.71%,1,-0.29,95.17%,73,75.10%,-5.71%,0.00,-0.39%,-6.37%
77,front lunge arms overhead,MVP,702,8,5.00%,87.50%,87.50%,1,-0.50,97.48%,80,82.35%,0.00%,0.00,-0.32%,-1.99%
78,front lunge arms straight out,MVP,701,12,2.42%,83.33%,91.67%,1,0.25,88.80%,120,96.92%,-2.22%,0.00,0.08%,1.70%
79,front lunge hands on hips,MVP,705,8,1.25%,87.50%,100.00%,1,-0.13,96.43%,79,79.36%,-1.39%,0.00,0.13%,-2.93%
80,front lunge runner arms,MVP,707,14,2.42%,71.43%,100.00%,1,0.00,96.90%,151,95.16%,1.43%,0.00,0.38%,-0.42%
81,front lunge weights hanging,MVP,708,14,0.00%,100.00%,100.00%,1,0.00,97.16%,139,97.08%,0.00%,0.00,-0.18%,-0.30%
82,front lunge weights racked,MVP,710,12,2.50%,83.33%,91.67%,1,-0.25,97.51%,119,37.25%,0.00%,0.00,0.13%,-59.66%
83,front lunge with curl,List A,706,9,0.00%,100.00%,100.00%,1,0.00,94.15%,95,96.90%,-1.11%,0.00,1.08%,-0.48%
84,front raise kneeling alternating with resting arm down,MVP,716,5,0.00%,100.00%,100.00%,1,0.00,99.47%,50,95.58%,-2.00%,0.00,0.46%,-1.18%
85,front raise kneeling both arms,MVP,718,10,1.00%,90.00%,100.00%,1,-0.10,99.23%,104,99.01%,-2.00%,0.00,0.04%,-0.03%
86,front raise kneeling single arm with resting arm down,MVP,719,12,5.20%,33.33%,83.33%,1,0.17,96.35%,220,93.04%,1.21%,0.00,0.58%,-0.92%
87,front raise standing alternating with resting arm down,MVP,731,16,4.31%,68.75%,93.75%,1,-0.44,97.12%,167,90.38%,0.00%,0.00,0.17%,-6.30%
88,front raise standing alternating with resting arm up,List A,728,12,13.33%,25.00%,83.33%,0,0.67,99.60%,121,89.90%,0.83%,0.00,-0.04%,0.79%
89,front raise standing both arms,MVP,729,15,1.33%,86.67%,100.00%,1,-0.13,98.01%,142,99.20%,0.00%,0.00,-0.25%,0.00%
90,front raise standing single arm with resting arm down,MVP,730,11,8.18%,54.55%,90.91%,1,-1.27,97.21%,209,94.85%,0.91%,0.00,0.26%,-1.26%
91,front raise standing single arm with resting arm up,List A,727,12,23.32%,25.00%,58.33%,0,2.67,93.59%,173,97.14%,-0.34%,0.00,-0.09%,0.49%
92,front to back lunge arms by side,List A,1164,6,10.91%,66.67%,83.33%,0,0.83,94.55%,66,89.00%,-0.52%,0.00,0.13%,3.90%
93,front to back lunge weights hanging,List A,1169,19,6.67%,52.63%,68.42%,1,-0.89,93.09%,319,91.13%,-0.40%,0.00,-0.29%,-0.55%
94,front to back lunge with rotation,List A,1163,11,26.34%,36.36%,54.55%,0,-0.09,94.84%,166,95.08%,2.58%,0.00,0.02%,1.70%
95,hand release pushup on knees,List A,304,16,2.91%,75.00%,100.00%,1,0.25,96.43%,125,93.75%,-2.14%,0.00,-0.39%,-1.44%
96,hand release pushup on knees arms extended,List A,1503,6,13.64%,83.33%,83.33%,0,-1.50,99.00%,66,13.17%,-3.18%,0.00,-0.02%,7.63%
97,hand release pushup on toes,List A,594,13,1.54%,92.31%,100.00%,1,0.08,93.23%,66,94.60%,-1.54%,0.00,-0.05%,1.97%
98,hand release pushup on toes arms extended,List A,1502,5,25.33%,60.00%,60.00%,0,-2.80,98.51%,54,5.72%,-1.67%,0.00,0.09%,-0.08%
99,hip bridge repping hands bent at 90,List A,599,20,1.41%,90.00%,95.00%,1,0.05,100.00%,209,78.65%,0.50%,0.00,0.00%,-5.42%
100,lateral lunge alternating single dumbbell,MVP,749,15,2.00%,80.00%,100.00%,1,0.07,90.42%,150,93.72%,-4.15%,0.00,-0.29%,5.59%
101,lateral lunge arms by side,MVP,740,20,4.13%,85.00%,95.00%,1,-0.20,84.90%,196,96.41%,-1.00%,0.00,-0.26%,-0.06%
102,lateral lunge arms by side dumbbell,MVP,750,11,7.47%,63.64%,81.82%,1,-0.55,88.81%,104,97.31%,0.00%,0.00,0.35%,-0.54%
103,lateral lunge arms straight out,MVP,737,7,3.02%,71.43%,100.00%,1,-0.29,85.53%,70,79.99%,-1.43%,0.00,0.61%,-0.84%
104,lateral lunge hands on head,MVP,738,6,0.00%,100.00%,100.00%,1,0.00,93.51%,59,74.76%,0.00%,0.00,-0.10%,3.84%
105,lateral lunge hands on hips,MVP,739,12,11.46%,83.33%,83.33%,0,0.17,90.17%,111,94.06%,-0.93%,0.00,-0.23%,-1.29%
106,lateral lunge left,MVP,319,8,5.81%,50.00%,100.00%,1,-0.25,90.69%,62,81.17%,1.79%,0.00,-0.05%,-1.96%
107,lateral lunge swing to arms overhead,MVP,746,8,4.89%,50.00%,100.00%,1,0.25,89.94%,82,97.25%,0.00%,0.00,-0.52%,1.34%
108,lateral lunge weights racked,MVP,751,18,2.74%,77.78%,94.44%,1,-0.17,97.81%,179,76.27%,0.45%,0.00,0.08%,6.83%
109,lateral lunge with runners arms,MVP,744,8,0.00%,100.00%,100.00%,1,0.00,82.52%,89,88.59%,0.00%,0.00,0.58%,-2.17%
110,lateral raise kneeling alternating with resting arm down,MVP,770,3,5.92%,33.33%,100.00%,1,0.67,94.22%,37,97.63%,0.00%,0.00,-0.99%,-0.18%
111,lateral raise kneeling both arms,MVP,772,6,0.00%,100.00%,100.00%,1,0.00,96.33%,54,97.03%,0.00%,0.00,-0.46%,-1.23%
112,lateral raise kneeling eccentric,MVP,769,7,4.76%,85.71%,85.71%,1,-0.29,97.49%,66,97.48%,0.00%,0.00,0.23%,-0.21%
113,lateral raise kneeling lunge left alternating with resting arm down,MVP,757,12,1.04%,91.67%,100.00%,1,0.08,99.22%,121,95.26%,0.00%,0.00,-0.16%,-1.80%
114,lateral raise kneeling lunge left single arm with resting arm down,MVP,756,13,0.77%,84.62%,100.00%,1,0.00,99.19%,205,93.47%,-0.40%,0.00,-0.34%,-2.74%
115,lateral raise kneeling lunge right both arms,MVP,765,14,0.00%,100.00%,100.00%,1,0.00,99.18%,138,97.38%,0.00%,0.00,0.04%,-0.83%
116,lateral raise kneeling single arm with resting arm down,MVP,773,6,0.00%,100.00%,100.00%,1,0.00,97.42%,89,96.27%,0.00%,0.00,-0.77%,-0.52%
117,lateral raise standing alternating with resting arm down,MVP,780,8,0.00%,100.00%,100.00%,1,0.00,92.08%,78,93.55%,-1.25%,0.00,-1.08%,-1.23%
118,lateral raise standing both arms,MVP,778,16,0.00%,100.00%,100.00%,1,0.00,97.28%,161,98.09%,0.00%,0.00,0.20%,-0.50%
119,lateral raise standing eccentric,MVP,775,7,1.43%,85.71%,100.00%,1,0.14,97.96%,75,97.31%,0.00%,0.00,0.40%,-0.65%
120,lateral raise standing single arm with resting arm down,MVP,779,4,1.25%,75.00%,100.00%,1,0.25,97.92%,66,98.12%,-2.08%,-2.00,-0.35%,0.24%
121,neutral grip chest press hook lying both arms,MVP,1212,19,10.07%,78.95%,78.95%,0,-0.37,97.95%,202,85.46%,2.47%,0.00,1.51%,-2.04%
122,neutral grip chest press table top alternating with resting arm up,List A,1228,11,12.23%,27.27%,81.82%,0,-0.73,99.64%,114,75.70%,0.91%,0.00,-0.15%,4.45%
123,neutral grip chest press table top both arms,MVP,1229,8,0.00%,100.00%,100.00%,1,0.00,99.81%,80,87.44%,0.00%,0.00,-0.06%,8.64%
124,overhead extension kneeling both arms,MVP,805,16,8.43%,25.00%,87.50%,1,0.63,99.93%,170,94.69%,0.00%,0.00,0.11%,-1.62%
125,overhead extension kneeling lunge right one dumbbell,MVP,787,18,9.25%,38.89%,88.89%,1,0.50,99.82%,186,89.57%,-2.58%,0.00,-0.02%,2.55%
126,overhead extension kneeling one dumbbell,MVP,786,9,11.83%,22.22%,66.67%,0,0.44,100.00%,113,86.86%,1.32%,0.00,0.00%,-2.24%
127,overhead extension kneeling right lunge both arms,MVP,799,19,9.38%,31.58%,84.21%,1,0.21,99.09%,186,86.55%,3.37%,0.00,0.07%,0.05%
128,overhead extension kneeling single arm with resting arm down,MVP,802,18,1.26%,83.33%,94.44%,1,-0.11,99.88%,262,93.50%,0.29%,0.00,-0.03%,-1.47%
129,overhead extension standing alternating with resting arm down,MVP,812,6,0.00%,100.00%,100.00%,1,0.00,99.09%,55,94.57%,0.00%,0.00,-0.13%,0.57%
130,overhead extension standing both arms,MVP,810,11,8.84%,63.64%,90.91%,1,0.73,99.31%,111,76.14%,-4.45%,0.00,0.08%,2.69%
131,overhead extension standing one dumbbell,MVP,807,20,18.50%,45.00%,65.00%,0,-0.70,98.98%,220,81.18%,1.69%,0.00,-0.07%,-6.55%
132,overhead extension standing single arm,MVP,811,19,8.45%,26.32%,68.42%,1,0.79,97.47%,307,90.44%,1.81%,0.00,-0.03%,-4.24%
133,overhead press kneeling alternating resting arm down,MVP,831,18,2.17%,77.78%,100.00%,1,0.00,98.22%,184,98.13%,0.00%,0.00,-0.03%,-0.26%
134,overhead press kneeling both arms,MVP,835,18,1.57%,88.89%,94.44%,1,-0.17,95.70%,192,94.79%,-1.06%,0.00,-0.05%,0.44%
135,overhead press kneeling single arm,List A,836,20,14.51%,30.00%,65.00%,0,-0.20,94.69%,379,87.30%,3.01%,0.00,-0.10%,-0.71%
136,overhead press kneeling single arm with resting arm down,MVP,832,20,3.61%,75.00%,90.00%,1,-0.15,91.71%,198,94.05%,0.56%,0.00,-0.10%,0.83%
137,overhead press standing alternating with resting arm down,MVP,841,20,7.84%,60.00%,85.00%,1,-0.45,95.06%,197,83.63%,5.38%,0.00,0.48%,-2.06%
138,overhead press standing alternating with resting arm up,List A,837,19,13.38%,31.58%,84.21%,0,-0.42,96.35%,198,82.05%,2.11%,0.00,-0.10%,0.83%
139,overhead press standing both arms,MVP,839,19,1.58%,89.47%,94.74%,1,-0.16,93.68%,179,93.22%,0.00%,0.00,0.48%,2.10%
140,overhead press standing single arm,MVP,840,20,1.28%,75.00%,100.00%,1,0.05,96.87%,401,97.89%,-0.25%,0.00,0.17%,-0.02%
141,overhead press standing single arm with resting arm down,MVP,842,19,1.58%,84.21%,100.00%,1,0.16,91.67%,190,97.79%,-0.53%,0.00,0.34%,-0.90%
142,overhead press wide kneeling alternating resting arm down,MVP,1498,5,0.00%,100.00%,100.00%,1,0.00,98.97%,60,79.08%,0.00%,0.00,-0.37%,-9.76%
143,overhead press wide kneeling both arms,MVP,1500,5,0.00%,100.00%,100.00%,1,0.00,97.61%,50,87.29%,0.00%,0.00,0.08%,7.84%
144,overhead press wide kneeling single arm,MVP,1501,5,23.33%,60.00%,60.00%,0,-1.40,82.24%,30,79.17%,10.00%,0.00,-0.77%,0.46%
145,overhead press wide standing alternating with resting arm down,MVP,1493,8,0.00%,100.00%,100.00%,1,0.00,98.55%,96,94.09%,-2.08%,0.00,-0.28%,-1.54%
146,overhead press wide standing both arms,MVP,1495,3,0.00%,100.00%,100.00%,1,0.00,95.89%,30,97.47%,0.00%,0.00,0.35%,0.69%
147,overhead press wide standing single arm,MVP,1496,6,10.71%,66.67%,83.33%,0,-0.83,86.07%,43,78.03%,4.17%,0.00,-1.60%,-5.06%
148,overhead press wide standing single arm with resting arm down,MVP,1497,5,0.00%,100.00%,100.00%,1,0.00,96.33%,32,77.81%,0.00%,0.00,-0.13%,-1.79%
149,pike pushup on knees,List A,335,15,1.33%,93.33%,93.33%,1,-0.13,99.78%,133,71.97%,-1.33%,0.00,0.00%,0.50%
150,pike pushup on toes,List A,851,13,0.00%,100.00%,100.00%,1,0.00,100.00%,117,70.04%,-3.46%,0.00,0.00%,6.29%
151,punches alternating heels planted,List A,1084,11,14.95%,45.45%,54.55%,0,-0.91,96.88%,146,78.92%,-0.91%,0.00,-0.13%,-5.18%
152,push press single arm,List A,1242,13,12.26%,46.15%,53.85%,0,-1.77,72.86%,218,92.77%,-1.17%,0.00,1.82%,-1.03%
153,push press standing both arms,List A,1241,20,60.73%,10.00%,10.00%,0,-5.80,36.04%,185,73.48%,-0.88%,0.00,-0.86%,3.04%
154,pushup jack at bottom,List A,963,16,3.33%,81.25%,100.00%,1,0.06,96.04%,86,75.36%,-0.78%,0.00,-0.35%,-10.09%
155,pushup on knees,MVP,328,15,7.85%,66.67%,93.33%,1,-1.07,98.35%,180,72.08%,-0.17%,0.00,-0.18%,-2.87%
156,pushup on toes,MVP,856,13,10.74%,76.92%,76.92%,0,-0.92,87.46%,121,85.91%,0.88%,0.00,-0.16%,-5.47%
157,reverse fly on knees both arms,MVP,1253,19,6.75%,68.42%,89.47%,1,0.63,98.55%,198,86.46%,1.44%,0.00,0.03%,-3.61%
158,reverse fly split stance both arms,MVP,1256,14,5.99%,28.57%,64.29%,1,1.00,95.78%,248,85.05%,0.00%,0.00,0.08%,-4.03%
159,reverse fly standing bent over alternating,MVP,1251,10,19.73%,20.00%,50.00%,0,-1.60,96.74%,118,60.61%,2.73%,-1.00,-0.33%,-6.49%
160,reverse fly standing bent over both arms,MVP,1250,17,2.11%,82.35%,94.12%,1,0.00,99.65%,187,92.50%,0.17%,-1.00,-0.13%,-0.61%
161,reverse lunge alternating,MVP,871,10,0.00%,100.00%,100.00%,1,0.00,97.98%,119,94.60%,0.00%,0.00,0.15%,-1.45%
162,reverse lunge alternating single dumbbell pass through,List A,872,8,0.96%,87.50%,100.00%,1,0.13,97.01%,88,92.33%,-1.25%,0.00,0.15%,-1.48%
163,reverse lunge arms by side,MVP,881,18,5.23%,72.22%,94.44%,1,-0.22,96.80%,197,93.40%,-0.63%,0.00,-0.01%,1.18%
164,reverse lunge arms by side dumbbell,MVP,890,13,2.40%,84.62%,92.31%,1,0.38,98.93%,144,87.56%,-0.05%,0.00,0.47%,-0.11%
165,reverse lunge arms overhead,MVP,883,19,0.00%,100.00%,100.00%,1,0.00,98.71%,209,94.21%,-0.53%,0.00,-0.18%,-0.28%
166,reverse lunge arms overhead dumbbell,MVP,891,5,0.00%,100.00%,100.00%,1,0.00,97.63%,52,95.15%,0.00%,0.00,-0.33%,-0.52%
167,reverse lunge arms straight out,MVP,882,20,0.38%,95.00%,100.00%,1,-0.05,97.83%,220,93.40%,0.38%,0.00,-0.02%,-1.65%
168,reverse lunge hands on hips,MVP,884,17,6.00%,52.94%,88.24%,1,-0.53,97.42%,185,78.64%,0.49%,0.00,0.38%,-1.09%
169,reverse lunge offset,MVP,877,5,0.00%,100.00%,100.00%,1,0.00,94.59%,51,94.56%,0.00%,0.00,0.79%,-1.93%
170,reverse lunge runner arms,MVP,887,17,2.93%,76.47%,94.12%,1,-0.29,96.91%,182,92.04%,1.86%,0.00,-0.06%,-0.69%
171,reverse lunge single dumbbell by side,MVP,878,7,7.17%,57.14%,85.71%,1,-0.14,98.00%,70,92.47%,2.89%,0.00,0.21%,-0.67%
172,reverse lunge single dumbbell overhead,MVP,879,6,8.03%,50.00%,83.33%,1,-0.50,91.61%,60,93.38%,1.52%,0.00,0.22%,-1.57%
173,reverse lunge single leg,MVP,880,4,14.86%,25.00%,75.00%,0,-2.50,98.55%,68,97.08%,0.00%,0.00,0.05%,0.47%
174,reverse lunge weights racked,MVP,892,8,2.50%,87.50%,87.50%,1,-0.25,97.50%,86,55.38%,0.00%,0.00,0.03%,-40.20%
175,reverse lunge with curl,List A,885,19,2.63%,89.47%,94.74%,1,-0.26,98.94%,185,95.86%,-0.53%,0.00,-0.24%,-1.17%
176,reverse lunge with twist dumbbell,List A,889,7,2.86%,71.43%,100.00%,1,0.29,98.30%,69,34.80%,-5.87%,0.00,0.30%,5.99%
177,roll up fingertips to ceiling,List A,1093,17,20.07%,47.06%,58.82%,0,1.82,95.33%,157,88.59%,13.86%,0.00,-0.21%,-0.27%
178,roll up fingertips to toes,List A,1094,19,6.47%,73.68%,89.47%,1,0.26,94.18%,169,89.66%,0.20%,0.00,-0.62%,-1.43%
179,shoulder tap on knees,List A,1096,17,16.95%,23.53%,64.71%,0,-2.47,98.88%,211,35.16%,2.11%,0.00,-0.12%,3.10%
180,shoulder tap on toes,List A,1098,14,19.04%,35.71%,42.86%,0,-1.93,95.43%,194,40.05%,-2.86%,0.00,-0.66%,0.82%
181,side bend kneeling alternating,List A,1106,13,1.41%,84.62%,100.00%,1,0.00,99.34%,142,83.07%,0.77%,0.00,-0.09%,1.81%
182,side bend kneeling single side,List A,1105,13,10.00%,46.15%,61.54%,0,-0.62,96.60%,243,85.64%,-2.25%,0.00,-0.24%,3.28%
183,single leg deadlift alternating arms by side,MVP,904,18,7.01%,77.78%,94.44%,1,0.61,95.55%,190,95.33%,-0.19%,0.00,-0.17%,1.67%
184,single leg deadlift alternating arms straight out,MVP,905,17,3.58%,70.59%,88.24%,1,0.29,96.27%,187,93.84%,0.75%,-1.00,-0.04%,-1.44%
185,single leg deadlift both hands holding one dumbbell,MVP,915,19,1.38%,73.68%,100.00%,1,-0.05,97.79%,294,95.91%,0.00%,0.00,-0.07%,0.20%
186,single leg deadlift opposite side hand dumbbell,MVP,908,11,7.22%,54.55%,90.91%,1,-0.55,98.03%,117,89.73%,0.91%,0.00,0.03%,0.01%
187,single leg deadlift same leg arms by side,MVP,910,20,1.61%,85.00%,100.00%,1,0.15,95.86%,259,95.83%,0.50%,0.00,0.12%,-1.03%
188,single leg deadlift same side hand dumbbell,MVP,909,13,0.00%,100.00%,100.00%,1,0.00,96.29%,187,94.46%,0.00%,0.00,0.05%,-0.23%
189,snatch alternating,MVP,1107,20,11.58%,50.00%,70.00%,0,0.30,92.81%,205,86.06%,0.42%,0.00,-0.18%,-0.29%
190,snatch both arms,MVP,1108,10,3.25%,80.00%,90.00%,1,0.30,98.85%,98,96.90%,1.00%,0.00,0.02%,-0.73%
191,snatch hang,MVP,1110,20,6.23%,80.00%,90.00%,1,0.05,95.48%,197,85.06%,2.19%,0.00,-0.06%,-11.10%
192,snatch power,MVP,1112,19,21.81%,5.26%,36.84%,0,-1.47,93.73%,342,91.24%,1.19%,0.00,-0.08%,-1.81%
193,snatch single arm,MVP,1109,8,29.94%,0.00%,37.50%,0,2.13,98.30%,88,95.03%,-2.32%,0.00,-0.32%,-2.04%
194,split squat arms by side,MVP,937,11,3.03%,90.91%,90.91%,1,0.27,99.40%,101,79.74%,-7.98%,0.00,0.02%,2.14%
195,split squat arms out laterally,MVP,938,10,0.00%,100.00%,100.00%,1,0.00,99.29%,97,84.85%,0.00%,0.00,-0.06%,4.28%
196,split squat arms overhead,MVP,940,11,6.06%,72.73%,72.73%,1,-0.18,99.64%,109,71.23%,-5.07%,0.00,0.00%,10.12%
197,split squat arms straight out,MVP,939,20,4.34%,30.00%,90.00%,1,0.85,98.46%,395,96.51%,-0.28%,0.00,-0.03%,2.02%
198,split squat hands on hips,MVP,942,16,3.56%,68.75%,93.75%,1,-0.13,98.74%,194,79.50%,-2.30%,0.00,0.03%,0.24%
199,split squat runners arms,MVP,945,20,3.76%,50.00%,85.00%,1,0.40,98.93%,369,93.59%,-0.25%,0.00,0.09%,0.86%
200,split squat with lateral raise,List A,944,11,11.74%,54.55%,90.91%,0,-0.45,98.85%,115,87.88%,0.14%,-1.00,-0.54%,-8.34%
201,squat jumps arms by side,MVP,949,20,6.44%,40.00%,90.00%,1,-0.20,93.27%,235,88.87%,-2.29%,0.00,-0.21%,-1.88%
202,squat jumps arms by side dumbbell,MVP,955,8,3.52%,62.50%,100.00%,1,-0.38,93.48%,82,81.50%,0.00%,0.00,-0.37%,1.75%
203,squat jumps arms straight out,MVP,951,18,14.90%,55.56%,83.33%,0,-2.17,88.52%,199,86.31%,0.64%,0.00,0.16%,-1.31%
204,squat jumps arms swinging,MVP,952,7,7.49%,57.14%,85.71%,1,0.43,96.60%,73,95.83%,1.59%,0.00,0.26%,0.32%
205,squat jumps hands centered,MVP,948,20,7.03%,55.00%,95.00%,1,0.55,96.10%,234,93.96%,0.95%,0.00,-0.30%,-1.41%
206,squat jumps hands on hips,MVP,950,20,13.82%,55.00%,80.00%,0,-1.85,91.75%,239,76.11%,-0.88%,0.00,-0.10%,0.05%
207,squat jumps single dumbbell hanging center,MVP,947,9,8.83%,55.56%,88.89%,1,-0.44,90.61%,91,86.29%,1.30%,0.00,0.01%,-2.17%
208,squat jumps weights racked,MVP,956,8,11.70%,75.00%,75.00%,0,-0.50,96.06%,84,79.52%,2.16%,0.00,0.18%,2.02%
209,squat thrust jump back,List A,1585,10,39.50%,20.00%,40.00%,0,4.10,92.59%,102,49.04%,37.50%,0.00,-0.01%,14.43%
210,squat thrust step back,List A,1586,7,10.06%,71.43%,71.43%,0,1.14,83.87%,77,72.64%,-2.29%,0.00,0.46%,9.76%
211,standing good morning hands on head,List A,1073,19,6.44%,42.11%,68.42%,1,0.95,99.37%,276,80.59%,-0.09%,0.00,0.08%,3.99%
212,supinated row alternating with resting arm down,List A,1647,5,66.54%,40.00%,60.00%,0,0.80,99.26%,56,83.10%,28.57%,0.00,-0.07%,-1.98%
213,supinated row alternating with resting arm up,List A,1648,5,1.25%,80.00%,100.00%,1,-0.20,98.91%,68,88.32%,-1.43%,0.00,-0.10%,8.79%
214,supinated row both arms,List A,1649,8,0.00%,100.00%,100.00%,1,0.00,99.95%,87,83.26%,0.00%,0.00,-0.05%,7.07%
215,supinated row on knees same time,List A,1650,5,32.00%,40.00%,60.00%,0,2.40,99.38%,54,85.23%,2.00%,0.00,0.14%,2.37%
216,supinated row single arm,List A,1651,10,5.91%,80.00%,90.00%,1,0.30,98.18%,90,47.22%,0.14%,0.00,0.08%,-1.98%
217,tall kneeling good morning hands on hips,List A,1074,16,0.00%,100.00%,100.00%,1,0.00,98.64%,158,93.18%,0.00%,-1.00,0.23%,-1.14%
218,tall kneeling good morning with dumbbell,List A,1075,17,2.35%,94.12%,94.12%,1,-0.24,99.44%,169,85.32%,-0.59%,0.00,0.02%,-4.14%
219,tall kneeling good mornings hands behind head,List A,1484,3,0.00%,100.00%,100.00%,1,0.00,100.00%,40,1.24%,-5.56%,0.00,0.00%,-2.22%
220,tricep kickback kneeling alternating with resting arm down,MVP,1261,15,8.63%,53.33%,80.00%,1,-0.20,98.47%,166,73.97%,1.75%,0.00,-0.28%,-4.04%
221,tricep kickback kneeling alternating with resting arm up,List A,1262,13,10.00%,53.85%,69.23%,0,-0.85,99.71%,130,50.18%,-6.92%,0.00,-0.10%,-0.30%
222,tricep kickback kneeling both arms,MVP,1260,17,1.60%,82.35%,100.00%,1,-0.18,97.42%,170,69.80%,-2.95%,0.00,0.14%,-10.99%
223,tricep kickback standing alternating with resting arm down,MVP,1270,12,12.52%,41.67%,75.00%,0,-1.25,100.00%,118,78.14%,2.24%,0.00,0.00%,-3.25%
224,tricep kickback standing alternating with resting arm up,List A,1269,10,14.25%,30.00%,60.00%,0,-1.20,100.00%,99,72.40%,-3.75%,0.00,0.00%,8.63%
225,tricep kickback standing both arms,MVP,1267,18,5.23%,72.22%,83.33%,1,-0.06,99.54%,207,72.22%,1.14%,0.00,-0.29%,-8.02%
226,tricep kickback standing single arm with resting arm down,MVP,1268,20,9.39%,60.00%,75.00%,1,-0.30,99.51%,393,82.21%,1.06%,0.00,0.08%,-3.10%
227,tuck jump consecutive,List A,1076,17,30.17%,11.76%,23.53%,0,-5.88,95.48%,360,31.37%,-13.97%,0.00,0.13%,7.70%
228,tuck jump with pause,List A,1077,17,15.34%,29.41%,70.59%,0,-2.06,90.91%,192,42.89%,1.07%,0.00,-0.02%,3.37%
229,tuck up arms overhead,MVP,1124,18,14.05%,61.11%,77.78%,0,-0.72,83.69%,160,86.82%,-2.16%,0.00,0.15%,0.43%
230,tuck up assisted,MVP,1730,11,2.34%,72.73%,100.00%,1,-0.27,97.60%,121,81.46%,0.00%,0.00,0.09%,-2.06%
231,tuck up both legs arms by side,MVP,1123,5,0.00%,100.00%,100.00%,1,0.00,98.65%,51,85.63%,-2.00%,0.00,0.60%,3.52%
232,tuck up hands grab feet,MVP,1126,16,3.02%,75.00%,93.75%,1,0.19,94.11%,149,92.49%,-1.15%,0.00,-0.17%,0.63%
233,tuck up hands grab knees,MVP,1125,19,5.48%,57.89%,94.74%,1,0.16,96.98%,174,83.96%,-2.56%,0.00,-0.07%,-0.24%
234,turkish getup alternating,List A,1127,10,104.67%,10.00%,30.00%,0,5.30,99.02%,52,67.96%,4.67%,0.00,0.00%,65.56%
235,turkish getup same side,List A,1128,11,131.52%,9.09%,18.18%,0,8.82,95.79%,66,75.72%,31.52%,-1.00,0.10%,59.79%
236,v up arms by side,MVP,1129,14,1.43%,92.86%,92.86%,1,-0.14,95.23%,138,82.37%,-0.65%,0.00,-0.25%,-2.35%
237,v up arms overhead,MVP,1130,20,3.38%,85.00%,90.00%,1,0.30,95.54%,182,78.86%,-1.37%,0.00,0.10%,4.13%
238,v up assisted,MVP,1131,15,5.29%,60.00%,86.67%,1,0.07,98.87%,153,79.13%,-0.01%,0.00,0.16%,3.22%
239,wide grip bent over row alternating with resting arm down,MVP,1721,6,11.90%,50.00%,50.00%,0,-0.17,95.86%,76,65.16%,2.58%,0.00,-0.32%,-8.32%
240,wide grip bent over row alternating with resting arm up,List A,1718,8,8.58%,37.50%,50.00%,1,-0.75,99.63%,118,55.74%,-8.63%,0.00,-0.05%,10.80%
241,wide grip bent over row both arms,MVP,1719,6,0.00%,100.00%,100.00%,1,0.00,100.00%,67,96.55%,0.00%,0.00,0.00%,-0.27%
242,wide grip chest press hook lying both arms,MVP,1523,4,2.08%,75.00%,100.00%,1,0.25,98.89%,51,87.84%,0.00%,0.00,0.00%,1.18%
243,wide grip chest press table top both arms,MVP,1527,4,2.08%,75.00%,100.00%,1,0.25,100.00%,50,42.79%,0.16%,0.00,0.00%,11.40%
244,wood chop kneeling alternating,MVP,1136,10,6.39%,10.00%,100.00%,1,0.70,98.74%,144,98.95%,0.00%,0.00,-0.06%,-0.08%
245,wood chop kneeling single side,MVP,1133,5,3.05%,40.00%,100.00%,1,0.60,99.52%,100,98.65%,0.00%,0.00,-0.36%,-0.39%
246,wood chop one knee,MVP,1140,12,7.25%,33.33%,83.33%,1,-0.08,96.90%,243,97.97%,-0.71%,0.00,-0.08%,-0.71%
247,wood chop sitting alternating,MVP,1135,11,15.04%,0.00%,81.82%,0,1.27,99.84%,144,98.52%,0.00%,0.00,-0.12%,-0.13%
248,wood chop sitting single side,MVP,1134,5,4.11%,20.00%,100.00%,1,0.80,99.15%,99,98.43%,0.00%,0.00,0.18%,0.21%
249,wood chop standing alternating,MVP,1137,10,7.32%,20.00%,90.00%,1,0.50,99.77%,134,98.85%,-0.71%,0.00,0.14%,-0.50%
250,wood chop standing single side,MVP,1315,9,3.24%,44.44%,100.00%,1,0.33,98.94%,154,98.82%,-0.56%,0.00,0.05%,-0.42%
251,zottman curl balancing alternating with resting arm down,MVP,1291,8,1.25%,87.50%,100.00%,1,0.13,97.67%,82,97.59%,0.00%,0.00,-0.01%,-0.59%
252,zottman curl kneeling both arms,MVP,1279,13,2.41%,76.92%,100.00%,1,0.23,98.55%,131,97.19%,1.55%,0.00,0.00%,0.78%
253,zottman curl standing alternating with resting arm down,MVP,1287,8,0.00%,100.00%,100.00%,1,0.00,98.55%,77,97.21%,0.00%,0.00,-0.20%,-1.30%
254,zottman curl standing alternating with resting arm up,List A,1281,8,15.63%,0.00%,75.00%,0,1.50,100.00%,78,98.20%,-2.50%,0.00,0.00%,-0.16%
255,zottman curl standing both arms,MVP,1282,12,5.83%,83.33%,83.33%,1,-0.58,97.64%,110,99.35%,0.00%,0.00,-0.07%,-0.01%
,,,,,,,,,,,,,,,,
,,,,,,,,,,,,,,,,
,,,,,,,,,,,,,,,,
All,Average,,,12.13,8.11%,65.67%,85.44%,0.73,-0.08,96.14%,,83.74%,0.26%,,-0.01%,0.40%
,Sum,256,,3105,,,,,,,,,,-9.00,,
,,,,,,,,,,,,,,,,
MVP,Average,,,11.87,5.04%,71.13%,90.33%,0.86,-0.14,96.16%,,87.67%,0.00%,,0.00%,-0.75%
,Sum,182,,2160,,,,,,,,,,-5.00,,
,,,,,,,,,,,,,,,,
List A,Average,,,12.77,15.65%,52.24%,73.41%,0.42,0.07,96.09%,,74.10%,0.89%,,-0.05%,3.25%
,Sum,74,,945,,,,,,,,,,-4.00,,