,variation,release_group,exercise_id,n_sets,MARE,OBZ,OB1,EC,rep_error_bias,is_FA,n_total_reps,signal_score,MARE delta w/ hydra_v6_FAstridefix,n_sets delta w/ hydra_v6_FAstridefix,is_FA delta w/ hydra_v6_FAstridefix,signal_score delta w/ hydra_v6_FAstridefix
0,alternating lunge jumps with both arms swinging,List A,613,17,6.54%,58.82%,88.24%,1,0,98.22%,181,90.30%,-0.49%,0.00,0.07%,-0.47%
1,alternating lunge jumps with runner arms,List A,612,15,14.13%,26.67%,66.67%,0,-0.3333333,97.38%,204,92.44%,1.94%,0.00,0.00%,0.28%
2,bent over row kneeling alternating with resting arm down,MVP,620,6,18.47%,33.33%,33.33%,0,-1.3333333,98.64%,95,63.90%,0.69%,0.00,1.13%,-1.34%
3,bent over row kneeling both arms,MVP,618,7,3.72%,57.14%,100.00%,1,0.14285714,100.00%,86,90.82%,1.43%,0.00,0.08%,-2.45%
4,bent over row standing alternating with resting arm down,MVP,614,8,10.99%,25.00%,75.00%,0,-1.375,99.63%,108,68.25%,1.99%,0.00,0.17%,1.13%
5,bent over row standing alternating with resting arm up,List A,615,4,23.56%,0.00%,25.00%,0,-3.75,100.00%,60,79.26%,9.10%,0.00,0.00%,-1.14%
6,bent over row standing both arms,MVP,616,9,0.00%,100.00%,100.00%,1,0,99.87%,90,90.80%,-1.11%,0.00,0.16%,-0.10%
7,bent over row standing single arm,MVP,619,6,7.42%,33.33%,66.67%,1,-1.5,96.58%,112,47.50%,-14.02%,0.00,5.93%,-12.33%
8,bicep curl balancing left alternating with resting arm down,MVP,629,8,2.64%,75.00%,100.00%,1,0.25,99.39%,82,98.02%,1.39%,0.00,2.09%,3.36%
9,bicep curl balancing left single arm,MVP,637,6,5.94%,50.00%,66.67%,1,-0.3333333,97.49%,148,94.73%,-0.31%,0.00,0.86%,12.22%
10,bicep curl balancing right both arms,MVP,632,9,1.11%,88.89%,100.00%,1,0.11111111,99.01%,92,98.04%,0.00%,0.00,1.20%,-0.67%
11,bicep curl kneeling alternating with resting arm down,MVP,643,10,5.53%,70.00%,80.00%,1,0.2,93.57%,110,89.20%,4.82%,0.00,-4.03%,0.42%
12,bicep curl kneeling with both arms,MVP,645,12,1.59%,83.33%,100.00%,1,0.16666667,95.01%,111,95.49%,0.00%,0.00,-3.12%,-0.88%
13,bicep curl kneeling with single arm,MVP,647,7,10.88%,57.14%,71.43%,0,-1.2857143,99.15%,136,84.88%,-3.06%,0.00,-0.57%,-6.26%
14,bicep curl kneeling with single arm with resting arm half up,List A,648,7,9.29%,71.43%,71.43%,1,-1.8571429,98.45%,144,93.99%,-2.08%,0.00,-1.55%,-0.09%
15,bicep curl standing alternating with resting arm down,MVP,657,9,8.60%,55.56%,88.89%,1,-0.4444444,98.35%,99,91.65%,1.85%,0.00,0.90%,0.76%
16,bicep curl standing alternating with resting arm up,List A,652,9,11.23%,22.22%,88.89%,0,0,99.79%,90,85.41%,-4.38%,0.00,-0.16%,-3.95%
17,bicep curl standing with both arms,MVP,653,20,6.01%,85.00%,95.00%,1,-0.45,99.02%,195,93.00%,1.67%,0.00,-0.20%,0.72%
18,bicep curl standing with single arm,MVP,655,10,1.48%,70.00%,100.00%,1,0.1,99.61%,183,95.13%,0.13%,-1.00,-0.12%,-0.23%
19,bird dog opposite arm and leg knee to elbow,List A,1024,15,19.44%,13.33%,46.67%,0,0.73333333,99.35%,269,90.41%,0.39%,0.00,0.57%,-1.02%
20,bird dog opposite arm and leg rep,List A,1025,7,0.00%,100.00%,100.00%,1,0,98.85%,99,69.09%,-1.59%,0.00,1.14%,-1.86%
21,bodyweight squat 1.5 squat,List A,572,12,44.96%,8.33%,33.33%,0,2.91666667,93.66%,125,96.54%,15.73%,0.00,-1.44%,0.68%
22,bodyweight squat arms by side,MVP,575,6,1.28%,83.33%,100.00%,1,0.16666667,95.00%,82,73.55%,-3.31%,0.00,3.57%,-7.47%
23,bodyweight squat arms overhead,MVP,573,7,2.38%,85.71%,85.71%,1,0.28571429,99.61%,68,68.75%,2.38%,0.00,0.11%,6.32%
24,bodyweight squat arms straight out,MVP,574,4,2.50%,75.00%,100.00%,1,0.25,98.63%,38,46.62%,0.00%,0.00,0.25%,4.62%
25,bodyweight squat arms swinging,MVP,576,5,0.00%,100.00%,100.00%,1,0,94.56%,57,94.89%,0.00%,0.00,0.60%,-1.42%
26,bodyweight squat hands at shoulders,MVP,329,18,1.47%,88.89%,94.44%,1,-0.0555556,98.84%,191,96.53%,-0.98%,-1.00,2.58%,-0.01%
27,bodyweight squat hands centered,MVP,577,19,0.00%,100.00%,100.00%,1,0,94.85%,194,95.99%,0.00%,0.00,-0.50%,2.99%
28,bodyweight squat hands on head,MVP,578,13,2.31%,84.62%,92.31%,1,-0.2307692,98.34%,128,93.07%,0.00%,0.00,0.31%,-2.43%
29,bodyweight sumo squat 1.5 squat,List A,1628,3,27.02%,0.00%,33.33%,0,3,99.03%,34,96.86%,0.00%,0.00,0.66%,1.22%
30,bodyweight sumo squat arms overhead,MVP,1629,5,13.09%,60.00%,60.00%,0,-1.4,90.14%,51,93.13%,4.00%,0.00,-6.23%,18.02%
31,bodyweight sumo squat arms straight out,MVP,1630,5,0.00%,100.00%,100.00%,1,0,98.55%,55,89.85%,0.00%,0.00,0.93%,0.24%
32,bodyweight sumo squat arms swinging,MVP,1631,5,1.82%,80.00%,100.00%,1,-0.2,95.27%,56,95.10%,0.00%,0.00,1.91%,1.79%
33,bodyweight sumo squat hands centered,MVP,1632,5,2.00%,80.00%,100.00%,1,0.2,98.32%,50,79.69%,2.00%,0.00,1.95%,0.25%
34,bodyweight sumo squat hands on head,MVP,1633,5,19.64%,20.00%,40.00%,0,-0.8,95.26%,52,56.07%,1.64%,0.00,13.79%,-29.04%
35,bridging clamshells,List A,543,6,0.00%,100.00%,100.00%,1,0,100.00%,41,56.67%,0.00%,0.00,0.00%,-8.43%
36,broad jump with back pedal,List A,1035,18,13.13%,50.00%,77.78%,0,1.5,99.93%,222,44.49%,-0.34%,0.00,0.15%,5.35%
37,broad jump with jump back,List A,1037,7,34.10%,0.00%,14.29%,0,0.85714286,96.34%,51,74.42%,-0.51%,0.00,6.43%,2.90%
38,burpee chest to the ground,MVP,664,18,7.04%,72.22%,94.44%,1,0.22222222,94.10%,98,87.48%,-0.56%,0.00,0.31%,1.92%
39,burpee from plank,MVP,665,14,5.08%,78.57%,92.86%,1,0.28571429,94.32%,76,86.07%,-0.39%,-2.00,1.39%,4.12%
40,burpee with pushup,MVP,666,17,14.90%,47.06%,82.35%,0,-0.5882353,95.26%,109,72.42%,-2.65%,0.00,0.32%,7.24%
41,chest fly standing both arms,MVP,1050,8,4.48%,50.00%,100.00%,1,0.5,99.06%,81,97.17%,0.96%,0.00,1.74%,-0.57%
42,chest fly standing staggered both arms,MVP,1051,12,5.54%,50.00%,91.67%,1,0.58333333,99.08%,138,96.52%,0.44%,0.00,1.73%,-0.36%
43,clamshells from laying,List A,587,16,13.24%,43.75%,62.50%,0,-1.3125,98.83%,191,51.61%,3.44%,-1.00,-0.09%,-13.32%
44,clean both arms hang,List A,1058,20,9.22%,70.00%,85.00%,1,0.9,98.37%,193,90.97%,0.44%,0.00,0.27%,-0.26%
45,clean single arm alternating,List A,1060,16,14.04%,56.25%,81.25%,0,1.4375,98.51%,160,96.46%,-0.88%,0.00,0.68%,1.18%
46,concentrated curl kneeling lunge,List A,1030,18,6.53%,50.00%,77.78%,1,0.33333333,92.83%,183,80.48%,-2.31%,0.00,-4.41%,8.70%
47,cross body curl kneeling alternating with resting arm down,MVP,588,16,1.19%,87.50%,100.00%,1,0,97.16%,169,91.32%,-2.84%,0.00,4.42%,-4.27%
48,cross body curl standing alternating with resting arm down,MVP,592,16,0.63%,93.75%,100.00%,1,-0.0625,97.35%,160,88.71%,0.10%,0.00,1.91%,-1.66%
49,cross body curl standing single arm with resting arm down,MVP,593,10,10.24%,50.00%,90.00%,0,-1.7,98.59%,196,97.91%,0.45%,0.00,2.69%,0.72%
50,crunch arms above you,List A,1082,18,7.25%,77.78%,83.33%,1,-0.5,99.68%,195,54.38%,-2.82%,0.00,-0.30%,-0.98%
51,crunch arms overhead,List A,1081,18,7.81%,61.11%,83.33%,1,-0.1666667,98.59%,178,63.83%,-0.10%,0.00,-0.53%,0.98%
52,crunch table top,List A,1083,18,8.80%,55.56%,66.67%,1,-0.5,99.75%,191,25.30%,-1.53%,0.00,0.00%,2.26%
53,deadlift arms by side,MVP,671,15,7.70%,80.00%,86.67%,1,-0.7333333,88.68%,143,89.17%,1.48%,0.00,1.32%,1.89%
54,deadlift arms straight out,MVP,672,15,6.67%,93.33%,93.33%,1,-0.6666667,94.15%,144,92.23%,2.00%,0.00,-0.20%,-3.25%
55,deadlift hands on hips,MVP,673,15,4.07%,86.67%,93.33%,1,-0.2666667,92.66%,151,88.86%,-1.41%,0.00,2.84%,-0.58%
56,deadlift romanian,MVP,675,10,0.00%,100.00%,100.00%,1,0,90.97%,98,98.43%,-1.68%,0.00,0.78%,-0.18%
57,deadlift single dumbbell,MVP,676,9,8.53%,55.56%,77.78%,1,-1.3333333,90.73%,128,91.38%,0.56%,0.00,-2.46%,-5.08%
58,deadlift suitcase,MVP,677,7,10.52%,71.43%,85.71%,0,-0.8571429,92.47%,72,94.55%,1.43%,0.00,-1.52%,-3.06%
59,diagonal chop bodyweight,List A,1065,13,15.62%,69.23%,76.92%,0,1.46153846,93.61%,275,86.39%,5.47%,-3.00,-1.91%,0.51%
60,dumbbell pass through on knees,List A,1141,14,6.79%,50.00%,85.71%,1,0.14285714,98.20%,136,68.12%,-6.55%,-3.00,-0.09%,-1.83%
61,dumbbell pass through on toes,List A,1142,18,15.03%,33.33%,66.67%,0,-0.2777778,97.68%,180,60.00%,-0.95%,0.00,2.34%,-2.17%
62,dumbbell push up on knees,MVP,1530,5,7.71%,60.00%,80.00%,1,0.2,99.13%,44,92.89%,0.00%,0.00,1.54%,-1.82%
63,dumbbell push up on toes,MVP,1529,4,0.00%,100.00%,100.00%,1,0,98.72%,40,95.45%,0.00%,0.00,0.28%,0.59%
64,dumbbell swing alternating single arm passing dumbbell,List A,679,13,6.05%,53.85%,84.62%,1,-0.6153846,98.40%,149,86.44%,-2.42%,-3.00,1.96%,-1.45%
65,dumbbell swing both arms single dumbbell,List A,681,16,4.12%,62.50%,93.75%,1,0.1875,96.72%,173,93.06%,-1.59%,-3.00,0.51%,-1.00%
66,dumbbell swing suitcase,List A,687,10,3.00%,70.00%,100.00%,1,-0.1,94.04%,107,89.37%,-0.67%,0.00,3.58%,-3.64%
67,dumbbell thruster alternating,MVP,689,14,12.98%,50.00%,71.43%,0,-1.1428571,96.40%,168,98.60%,1.26%,0.00,-1.36%,1.06%
68,dumbbell thruster classic,MVP,688,12,0.00%,100.00%,100.00%,1,0,96.48%,121,99.08%,0.00%,0.00,-0.82%,0.80%
69,dumbbell thruster to rotational press both arms,MVP,691,10,0.00%,100.00%,100.00%,1,0,97.22%,99,91.80%,0.00%,0.00,-0.83%,-0.43%
70,french doors kneeling alternating with resting arm in,MVP,1319,12,8.93%,33.33%,91.67%,1,-0.0833333,96.86%,123,72.52%,4.08%,0.00,-0.75%,11.09%
71,french doors kneeling both arms,MVP,1145,11,6.23%,36.36%,100.00%,1,0.63636364,98.74%,111,78.38%,4.31%,0.00,0.31%,4.31%
72,french doors standing alternating with resting arm in,MVP,1320,20,8.92%,15.00%,100.00%,1,0.45,98.80%,198,77.90%,7.92%,0.00,-0.60%,8.77%
73,french doors standing both arms,MVP,1148,20,3.29%,65.00%,100.00%,1,0.25,99.24%,211,88.35%,2.29%,0.00,-0.19%,10.67%
74,french doors standing single arm,MVP,1149,14,2.86%,50.00%,100.00%,1,0.21428571,98.95%,245,79.10%,2.86%,0.00,-0.27%,6.65%
75,front lunge arms by side,MVP,700,8,4.03%,62.50%,87.50%,1,-0.625,96.43%,92,73.57%,0.83%,0.00,1.33%,-3.97%
76,front lunge arms out laterally,MVP,704,7,1.43%,85.71%,100.00%,1,0.14285714,98.10%,73,75.27%,-1.43%,0.00,2.93%,0.18%
77,front lunge arms overhead,MVP,702,8,6.25%,75.00%,87.50%,1,-0.375,97.98%,80,76.90%,1.25%,0.00,0.50%,-5.45%
78,front lunge arms straight out,MVP,701,12,3.26%,66.67%,100.00%,1,0,89.84%,120,92.84%,0.83%,0.00,1.04%,-4.08%
79,front lunge hands on hips,MVP,705,8,1.25%,87.50%,100.00%,1,0.125,95.35%,79,80.73%,0.00%,0.00,-1.08%,1.37%
80,front lunge runner arms,MVP,707,14,2.82%,71.43%,92.86%,1,-0.0714286,97.82%,151,94.24%,0.40%,0.00,0.92%,-0.92%
81,front lunge weights hanging,MVP,708,14,0.00%,100.00%,100.00%,1,0,98.06%,139,97.26%,0.00%,0.00,0.89%,0.18%
82,front lunge weights racked,MVP,710,12,2.50%,83.33%,91.67%,1,-0.25,98.71%,119,96.24%,0.00%,0.00,1.20%,58.99%
83,front lunge with curl,List A,706,9,0.00%,100.00%,100.00%,1,0,94.54%,95,97.58%,0.00%,0.00,0.39%,0.68%
84,front raise kneeling alternating with resting arm down,MVP,716,5,0.00%,100.00%,100.00%,1,0,98.25%,50,95.54%,0.00%,0.00,-1.23%,-0.04%
85,front raise kneeling both arms,MVP,718,10,1.00%,90.00%,100.00%,1,-0.1,98.84%,104,98.91%,0.00%,0.00,-0.39%,-0.09%
86,front raise kneeling single arm with resting arm down,MVP,719,12,5.22%,33.33%,83.33%,1,0.5,96.59%,220,87.89%,0.02%,0.00,0.24%,-5.14%
87,front raise standing alternating with resting arm down,MVP,731,16,2.29%,75.00%,100.00%,1,-0.25,97.16%,167,94.90%,-2.01%,0.00,0.04%,4.51%
88,front raise standing alternating with resting arm up,List A,728,12,9.17%,25.00%,83.33%,1,0.58333333,99.83%,121,92.09%,-4.17%,0.00,0.23%,2.19%
89,front raise standing both arms,MVP,729,14,1.43%,85.71%,100.00%,1,-0.1428571,98.10%,131,98.98%,0.10%,-1.00,0.08%,-0.22%
90,front raise standing single arm with resting arm down,MVP,730,11,8.18%,54.55%,90.91%,1,-1.2727273,98.85%,209,94.30%,0.00%,0.00,1.64%,-0.55%
91,front raise standing single arm with resting arm up,List A,727,12,18.71%,25.00%,75.00%,0,2,94.69%,173,96.13%,-4.61%,0.00,1.10%,-1.01%
92,front to back lunge arms by side,List A,1164,6,11.90%,83.33%,83.33%,0,0.83333333,94.54%,66,92.62%,0.99%,0.00,-0.02%,3.62%
93,front to back lunge weights hanging,List A,1169,14,9.65%,35.71%,57.14%,1,-1.0714286,96.94%,243,87.15%,2.99%,-5.00,3.85%,-3.98%
94,front to back lunge with rotation,List A,1163,11,25.51%,54.55%,63.64%,0,0,96.78%,166,95.43%,-0.83%,0.00,1.94%,0.36%
95,hand release pushup on knees,List A,304,16,4.16%,68.75%,93.75%,1,0.375,95.92%,125,92.26%,1.25%,0.00,-0.51%,-1.49%
96,hand release pushup on knees arms extended,List A,1503,6,18.08%,50.00%,66.67%,0,-1,98.45%,66,86.47%,4.44%,0.00,-0.55%,73.30%
97,hand release pushup on toes,List A,594,13,1.54%,92.31%,100.00%,1,0.07692308,95.95%,66,95.44%,0.00%,0.00,2.72%,0.84%
98,hand release pushup on toes arms extended,List A,1502,5,20.33%,40.00%,60.00%,0,-1.8,98.74%,54,94.03%,-5.00%,0.00,0.23%,88.31%
99,hip bridge repping hands bent at 90,List A,599,15,8.00%,80.00%,93.33%,1,-0.8666667,100.00%,158,61.55%,6.59%,-5.00,0.00%,-17.10%
100,lateral lunge alternating single dumbbell,MVP,749,14,5.00%,85.71%,92.86%,1,0.14285714,95.99%,140,93.90%,3.00%,-1.00,5.57%,0.18%
101,lateral lunge arms by side,MVP,740,20,2.13%,90.00%,95.00%,1,-0.2,87.58%,196,96.28%,-2.00%,0.00,2.68%,-0.13%
102,lateral lunge arms by side dumbbell,MVP,750,9,5.80%,55.56%,88.89%,1,-0.3333333,90.97%,84,97.28%,-1.67%,-2.00,2.15%,-0.03%
103,lateral lunge arms straight out,MVP,737,7,4.29%,57.14%,100.00%,1,0.14285714,88.92%,70,79.84%,1.27%,0.00,3.39%,-0.14%
104,lateral lunge hands on head,MVP,738,6,1.67%,83.33%,100.00%,1,0.16666667,95.42%,59,66.49%,1.67%,0.00,1.90%,-8.26%
105,lateral lunge hands on hips,MVP,739,9,15.28%,77.78%,77.78%,0,0.22222222,91.81%,84,95.21%,3.82%,-3.00,1.64%,1.14%
106,lateral lunge left,MVP,319,8,4.03%,62.50%,100.00%,1,-0.375,89.37%,62,77.91%,-1.79%,0.00,-1.32%,-3.26%
107,lateral lunge swing to arms overhead,MVP,746,7,2.86%,71.43%,100.00%,1,0.28571429,91.79%,71,97.36%,-2.03%,-1.00,1.85%,0.11%
108,lateral lunge weights racked,MVP,751,17,2.42%,76.47%,100.00%,1,-0.1176471,98.95%,169,75.04%,-0.32%,-1.00,1.14%,-1.23%
109,lateral lunge with runners arms,MVP,744,8,0.00%,100.00%,100.00%,1,0,91.30%,89,87.96%,0.00%,0.00,8.78%,-0.63%
110,lateral raise kneeling alternating with resting arm down,MVP,770,3,5.92%,33.33%,100.00%,1,0.66666667,95.30%,37,97.57%,0.00%,0.00,1.08%,-0.06%
111,lateral raise kneeling both arms,MVP,772,6,0.00%,100.00%,100.00%,1,0,98.85%,54,97.95%,0.00%,0.00,2.53%,0.91%
112,lateral raise kneeling eccentric,MVP,769,7,4.76%,85.71%,85.71%,1,-0.2857143,98.45%,66,97.82%,0.00%,0.00,0.97%,0.34%
113,lateral raise kneeling lunge left alternating with resting arm down,MVP,757,12,1.04%,91.67%,100.00%,1,0.08333333,99.19%,121,95.41%,0.00%,0.00,-0.03%,0.15%
114,lateral raise kneeling lunge left single arm with resting arm down,MVP,756,13,0.38%,92.31%,100.00%,1,0.07692308,99.72%,205,95.19%,-0.38%,0.00,0.53%,1.72%
115,lateral raise kneeling lunge right both arms,MVP,765,14,0.00%,100.00%,100.00%,1,0,99.50%,138,98.17%,0.00%,0.00,0.31%,0.79%
116,lateral raise kneeling single arm with resting arm down,MVP,773,6,0.00%,100.00%,100.00%,1,0,99.01%,89,91.34%,0.00%,0.00,1.59%,-4.93%
117,lateral raise standing alternating with resting arm down,MVP,780,8,0.00%,100.00%,100.00%,1,0,96.34%,78,94.48%,0.00%,0.00,4.25%,0.93%
118,lateral raise standing both arms,MVP,778,16,0.00%,100.00%,100.00%,1,0,98.56%,161,98.03%,0.00%,0.00,1.29%,-0.06%
119,lateral raise standing eccentric,MVP,775,7,1.43%,85.71%,100.00%,1,0.14285714,99.06%,75,97.97%,0.00%,0.00,1.11%,0.66%
120,lateral raise standing single arm with resting arm down,MVP,779,6,3.33%,50.00%,100.00%,1,0.5,98.83%,96,97.43%,2.08%,2.00,0.92%,-0.68%
121,neutral grip chest press hook lying both arms,MVP,1212,17,5.59%,82.35%,94.12%,1,-0.4705882,99.91%,191,85.72%,-4.49%,-2.00,1.96%,0.26%
122,neutral grip chest press table top alternating with resting arm up,List A,1228,11,12.15%,36.36%,81.82%,0,-0.5454545,100.00%,114,74.55%,-0.08%,0.00,0.36%,-1.15%
123,neutral grip chest press table top both arms,MVP,1229,7,1.19%,85.71%,100.00%,1,-0.1428571,99.93%,69,86.70%,1.19%,-1.00,0.12%,-0.74%
124,overhead extension kneeling both arms,MVP,805,16,4.11%,56.25%,100.00%,1,0.1875,99.79%,170,95.19%,-4.32%,0.00,-0.14%,0.50%
125,overhead extension kneeling lunge right one dumbbell,MVP,787,18,8.64%,44.44%,88.89%,1,0.22222222,99.98%,186,87.22%,-0.62%,0.00,0.15%,-2.35%
126,overhead extension kneeling one dumbbell,MVP,786,9,5.00%,55.56%,88.89%,1,0.55555556,100.00%,113,94.18%,-6.83%,0.00,0.00%,7.32%
127,overhead extension kneeling right lunge both arms,MVP,799,19,8.26%,52.63%,84.21%,1,0,99.41%,186,85.60%,-1.12%,0.00,0.31%,-0.95%
128,overhead extension kneeling single arm with resting arm down,MVP,802,18,4.64%,38.89%,100.00%,1,0.38888889,99.89%,262,95.67%,3.38%,0.00,0.01%,2.17%
129,overhead extension standing alternating with resting arm down,MVP,812,6,7.78%,33.33%,100.00%,1,0.66666667,98.77%,55,96.51%,7.78%,0.00,-0.32%,1.94%
130,overhead extension standing both arms,MVP,810,11,15.55%,36.36%,72.73%,0,1,99.28%,111,73.61%,6.71%,0.00,-0.04%,-2.53%
131,overhead extension standing one dumbbell,MVP,807,20,16.09%,45.00%,70.00%,0,-0.5,99.03%,220,80.92%,-2.41%,0.00,0.05%,-0.26%
132,overhead extension standing single arm,MVP,811,19,6.42%,36.84%,84.21%,1,0.31578947,96.99%,307,91.20%,-2.02%,0.00,-0.47%,0.75%
133,overhead press kneeling alternating resting arm down,MVP,831,18,2.17%,77.78%,100.00%,1,0,98.38%,184,98.47%,0.00%,0.00,0.16%,0.34%
134,overhead press kneeling both arms,MVP,835,18,2.49%,72.22%,100.00%,1,-0.0555556,96.72%,192,94.34%,0.93%,0.00,1.03%,-0.45%
135,overhead press kneeling single arm,List A,836,20,10.37%,40.00%,70.00%,0,-0.5,97.19%,379,92.46%,-4.14%,0.00,2.50%,5.15%
136,overhead press kneeling single arm with resting arm down,MVP,832,20,5.61%,55.00%,90.00%,1,0.45,97.79%,198,95.99%,2.00%,0.00,6.08%,1.94%
137,overhead press standing alternating with resting arm down,MVP,841,20,2.34%,80.00%,100.00%,1,0.1,96.39%,197,85.45%,-5.50%,0.00,1.33%,1.82%
138,overhead press standing alternating with resting arm up,List A,837,19,11.49%,42.11%,84.21%,0,-0.4210526,97.39%,198,76.64%,-1.89%,0.00,1.05%,-5.42%
139,overhead press standing both arms,MVP,839,19,1.11%,89.47%,100.00%,1,0,95.72%,179,91.18%,-0.47%,0.00,2.04%,-2.04%
140,overhead press standing single arm,MVP,840,20,2.75%,45.00%,100.00%,1,0.45,97.77%,401,97.56%,1.47%,0.00,0.90%,-0.33%
141,overhead press standing single arm with resting arm down,MVP,842,19,4.74%,52.63%,100.00%,1,0.36842105,94.89%,190,98.03%,3.16%,0.00,3.21%,0.25%
142,overhead press wide kneeling alternating resting arm down,MVP,1498,5,0.00%,100.00%,100.00%,1,0,99.90%,60,93.34%,0.00%,0.00,0.93%,14.26%
143,overhead press wide kneeling both arms,MVP,1500,5,2.00%,80.00%,100.00%,1,-0.2,98.20%,50,82.71%,2.00%,0.00,0.59%,-4.58%
144,overhead press wide kneeling single arm,MVP,1501,5,3.33%,80.00%,100.00%,1,-0.2,100.00%,30,72.22%,-20.00%,0.00,17.76%,-6.95%
145,overhead press wide standing alternating with resting arm down,MVP,1493,8,1.04%,87.50%,100.00%,1,-0.125,99.40%,96,95.75%,1.04%,0.00,0.84%,1.67%
146,overhead press wide standing both arms,MVP,1495,3,3.33%,66.67%,100.00%,1,-0.3333333,99.01%,30,94.98%,3.33%,0.00,3.12%,-2.50%
147,overhead press wide standing single arm,MVP,1496,6,12.27%,50.00%,83.33%,0,-1,98.34%,43,54.58%,1.55%,0.00,12.27%,-23.45%
148,overhead press wide standing single arm with resting arm down,MVP,1497,5,3.33%,80.00%,100.00%,1,-0.2,98.37%,32,78.10%,3.33%,0.00,2.05%,0.29%
149,pike pushup on knees,List A,335,14,1.43%,85.71%,100.00%,1,-0.1428571,99.77%,123,71.78%,0.10%,-1.00,-0.02%,-0.19%
150,pike pushup on toes,List A,851,11,0.00%,100.00%,100.00%,1,0,100.00%,100,84.84%,0.00%,-2.00,0.00%,14.81%
151,punches alternating heels planted,List A,1084,11,10.58%,45.45%,63.64%,0,-0.4545455,97.08%,146,80.26%,-4.37%,0.00,0.19%,1.33%
152,push press single arm,List A,1242,9,1.73%,77.78%,88.89%,1,0.33333333,97.49%,159,96.38%,-10.54%,-4.00,24.63%,3.61%
153,push press standing both arms,List A,1241,16,4.44%,68.75%,87.50%,1,-0.125,98.16%,158,96.99%,-56.29%,-4.00,62.12%,23.52%
154,pushup jack at bottom,List A,963,15,6.28%,73.33%,93.33%,1,-0.1333333,94.25%,82,87.62%,2.94%,-1.00,-1.79%,12.26%
155,pushup on knees,MVP,328,15,8.68%,66.67%,86.67%,1,-0.8666667,99.01%,180,76.29%,0.83%,0.00,0.66%,4.22%
156,pushup on toes,MVP,856,13,8.71%,84.62%,84.62%,1,-0.5384615,90.03%,121,93.26%,-2.03%,0.00,2.58%,7.35%
157,reverse fly on knees both arms,MVP,1253,17,5.89%,70.59%,88.24%,1,0.52941176,98.45%,178,87.18%,-0.86%,-2.00,-0.10%,0.72%
158,reverse fly split stance both arms,MVP,1256,9,6.88%,22.22%,55.56%,1,1.33333333,95.11%,173,87.30%,0.89%,-5.00,-0.67%,2.26%
159,reverse fly standing bent over alternating,MVP,1251,10,17.50%,40.00%,40.00%,0,-1.4,97.93%,103,64.45%,-2.23%,0.00,1.19%,3.84%
160,reverse fly standing bent over both arms,MVP,1250,15,0.61%,93.33%,100.00%,1,-0.0666667,99.41%,164,92.29%,-1.50%,-2.00,-0.24%,-0.21%
161,reverse lunge alternating,MVP,871,10,0.00%,100.00%,100.00%,1,0,97.67%,119,86.26%,0.00%,0.00,-0.30%,-8.34%
162,reverse lunge alternating single dumbbell pass through,List A,872,7,1.10%,85.71%,100.00%,1,0.14285714,96.68%,77,93.11%,0.14%,-1.00,-0.32%,0.78%
163,reverse lunge arms by side,MVP,881,16,5.37%,75.00%,93.75%,1,-0.3125,96.70%,176,92.25%,0.13%,-2.00,-0.09%,-1.15%
164,reverse lunge arms by side dumbbell,MVP,890,13,3.10%,84.62%,84.62%,1,0.30769231,98.90%,144,86.96%,0.70%,0.00,-0.03%,-0.60%
165,reverse lunge arms overhead,MVP,883,18,0.56%,94.44%,100.00%,1,-0.0555556,98.10%,199,96.13%,0.56%,-1.00,-0.61%,1.92%
166,reverse lunge arms overhead dumbbell,MVP,891,5,6.00%,80.00%,80.00%,1,-0.6,97.93%,52,93.92%,6.00%,0.00,0.30%,-1.24%
167,reverse lunge arms straight out,MVP,882,20,2.26%,90.00%,90.00%,1,-0.25,97.49%,220,91.33%,1.88%,0.00,-0.33%,-2.07%
168,reverse lunge hands on hips,MVP,884,16,3.99%,68.75%,87.50%,1,-0.4375,97.35%,174,86.08%,-2.01%,-1.00,-0.07%,7.44%
169,reverse lunge offset,MVP,877,4,0.00%,100.00%,100.00%,1,0,94.53%,41,97.04%,0.00%,-1.00,-0.06%,2.48%
170,reverse lunge runner arms,MVP,887,17,1.27%,88.24%,100.00%,1,-0.1176471,96.84%,182,95.57%,-1.66%,0.00,-0.07%,3.52%
171,reverse lunge single dumbbell by side,MVP,878,7,5.58%,71.43%,85.71%,1,-0.2857143,97.93%,70,93.09%,-1.59%,0.00,-0.08%,0.62%
172,reverse lunge single dumbbell overhead,MVP,879,6,3.18%,66.67%,100.00%,1,-0.3333333,92.93%,60,94.26%,-4.85%,0.00,1.32%,0.88%
173,reverse lunge single leg,MVP,880,3,5.00%,33.33%,100.00%,1,-0.6666667,97.09%,50,97.65%,-9.86%,-1.00,-1.46%,0.58%
174,reverse lunge weights racked,MVP,892,8,1.25%,87.50%,100.00%,1,-0.125,98.36%,86,91.94%,-1.25%,0.00,0.86%,36.56%
175,reverse lunge with curl,List A,885,16,3.13%,87.50%,93.75%,1,-0.3125,99.00%,156,94.97%,0.49%,-3.00,0.05%,-0.89%
176,reverse lunge with twist dumbbell,List A,889,7,10.16%,42.86%,85.71%,0,-0.1428571,96.65%,69,41.46%,7.30%,0.00,-1.65%,6.66%
177,roll up fingertips to ceiling,List A,1093,13,17.01%,46.15%,61.54%,0,1.23076923,97.17%,118,90.77%,-3.06%,-4.00,1.85%,2.18%
178,roll up fingertips to toes,List A,1094,16,6.06%,68.75%,81.25%,1,0.25,95.77%,141,86.39%,-0.41%,-3.00,1.59%,-3.28%
179,shoulder tap on knees,List A,1096,16,16.74%,18.75%,56.25%,0,-2.125,97.63%,198,37.19%,-0.21%,-1.00,-1.25%,2.04%
180,shoulder tap on toes,List A,1098,13,20.16%,23.08%,38.46%,0,-3.3076923,92.81%,184,44.82%,1.12%,-1.00,-2.61%,4.77%
181,side bend kneeling alternating,List A,1106,13,1.41%,84.62%,100.00%,1,0,99.21%,142,86.00%,0.00%,0.00,-0.13%,2.93%
182,side bend kneeling single side,List A,1105,11,2.25%,63.64%,90.91%,1,0.09090909,93.26%,205,92.56%,-7.75%,-2.00,-3.34%,6.91%
183,single leg deadlift alternating arms by side,MVP,904,18,6.73%,83.33%,94.44%,1,0.55555556,95.09%,190,95.29%,-0.28%,0.00,-0.45%,-0.04%
184,single leg deadlift alternating arms straight out,MVP,905,18,2.53%,77.78%,94.44%,1,0.05555556,95.40%,197,95.42%,-1.05%,1.00,-0.87%,1.58%
185,single leg deadlift both hands holding one dumbbell,MVP,915,19,0.25%,94.74%,100.00%,1,-0.0526316,98.06%,294,95.87%,-1.12%,0.00,0.27%,-0.04%
186,single leg deadlift opposite side hand dumbbell,MVP,908,11,7.22%,54.55%,90.91%,1,-0.5454545,97.70%,117,92.23%,0.00%,0.00,-0.33%,2.50%
187,single leg deadlift same leg arms by side,MVP,910,20,1.83%,80.00%,100.00%,1,0.2,95.97%,259,95.87%,0.22%,0.00,0.11%,0.04%
188,single leg deadlift same side hand dumbbell,MVP,909,13,0.00%,100.00%,100.00%,1,0,95.34%,187,96.23%,0.00%,0.00,-0.95%,1.76%
189,snatch alternating,MVP,1107,19,5.77%,57.89%,89.47%,1,0.57894737,95.29%,195,82.07%,-5.81%,-1.00,2.48%,-3.98%
190,snatch both arms,MVP,1108,10,7.58%,60.00%,80.00%,1,0.7,98.94%,98,96.77%,4.33%,0.00,0.09%,-0.13%
191,snatch hang,MVP,1110,19,11.34%,52.63%,68.42%,0,0.47368421,95.61%,189,87.66%,5.12%,-1.00,0.13%,2.60%
192,snatch power,MVP,1112,18,20.67%,5.56%,50.00%,0,-1.2222222,93.01%,323,91.24%,-1.14%,-1.00,-0.71%,0.00%
193,snatch single arm,MVP,1109,8,23.11%,0.00%,37.50%,0,1.25,98.30%,88,94.12%,-6.83%,0.00,-0.01%,-0.90%
194,split squat arms by side,MVP,937,11,11.11%,90.91%,90.91%,0,1,99.68%,101,77.72%,8.08%,0.00,0.28%,-2.02%
195,split squat arms out laterally,MVP,938,10,0.00%,100.00%,100.00%,1,0,98.75%,97,82.66%,0.00%,0.00,-0.54%,-2.20%
196,split squat arms overhead,MVP,940,9,9.34%,66.67%,77.78%,1,-0.6666667,99.78%,91,72.10%,3.28%,-2.00,0.14%,0.88%
197,split squat arms straight out,MVP,939,18,5.20%,22.22%,83.33%,1,1,99.02%,355,96.81%,0.85%,-2.00,0.56%,0.30%
198,split squat hands on hips,MVP,942,16,1.96%,81.25%,93.75%,1,-0.25,98.08%,194,81.25%,-1.60%,0.00,-0.67%,1.75%
199,split squat runners arms,MVP,945,18,4.09%,55.56%,83.33%,1,0.11111111,99.10%,338,94.94%,0.33%,-2.00,0.18%,1.35%
200,split squat with lateral raise,List A,944,12,12.42%,50.00%,91.67%,0,-0.6666667,99.43%,120,96.39%,0.69%,1.00,0.58%,8.51%
201,squat jumps arms by side,MVP,949,17,5.59%,47.06%,88.24%,1,-0.0588235,94.78%,206,88.18%,-0.85%,-3.00,1.52%,-0.69%
202,squat jumps arms by side dumbbell,MVP,955,7,8.31%,57.14%,85.71%,1,-0.8571429,95.25%,71,76.68%,4.79%,-1.00,1.77%,-4.82%
203,squat jumps arms straight out,MVP,951,17,15.04%,47.06%,82.35%,0,-2,89.00%,189,86.77%,0.14%,-1.00,0.48%,0.46%
204,squat jumps arms swinging,MVP,952,6,7.22%,66.67%,83.33%,1,0.33333333,96.84%,62,94.65%,-0.27%,-1.00,0.24%,-1.18%
205,squat jumps hands centered,MVP,948,20,6.58%,65.00%,95.00%,1,0.6,96.15%,234,94.79%,-0.45%,0.00,0.04%,0.82%
206,squat jumps hands on hips,MVP,950,20,8.94%,60.00%,85.00%,1,-0.5,91.72%,239,74.50%,-4.88%,0.00,-0.04%,-1.61%
207,squat jumps single dumbbell hanging center,MVP,947,8,14.93%,50.00%,87.50%,0,-1,84.25%,81,81.22%,6.10%,-1.00,-6.36%,-5.07%
208,squat jumps weights racked,MVP,956,7,10.78%,71.43%,71.43%,0,-0.2857143,97.36%,74,83.97%,-0.93%,-1.00,1.30%,4.45%
209,squat thrust jump back,List A,1585,10,31.83%,30.00%,30.00%,0,3.3,97.15%,102,60.68%,-7.67%,0.00,4.56%,11.65%
210,squat thrust step back,List A,1586,7,39.68%,0.00%,14.29%,0,4.42857143,96.64%,77,60.13%,29.61%,0.00,12.77%,-12.51%
211,standing good morning hands on head,List A,1073,17,3.88%,52.94%,76.47%,1,0.52941176,99.78%,244,83.10%,-2.55%,-2.00,0.41%,2.51%
212,supinated row alternating with resting arm down,List A,1647,5,68.08%,20.00%,60.00%,0,0.6,100.00%,56,83.54%,1.54%,0.00,0.74%,0.44%
213,supinated row alternating with resting arm up,List A,1648,5,2.79%,60.00%,100.00%,1,0,99.90%,68,90.94%,1.54%,0.00,0.99%,2.61%
214,supinated row both arms,List A,1649,8,0.00%,100.00%,100.00%,1,0,100.00%,87,83.68%,0.00%,0.00,0.05%,0.41%
215,supinated row on knees same time,List A,1650,5,33.25%,40.00%,60.00%,0,2.6,100.00%,54,81.88%,1.25%,0.00,0.62%,-3.35%
216,supinated row single arm,List A,1651,10,9.27%,50.00%,90.00%,1,0,99.89%,90,51.48%,3.36%,0.00,1.71%,4.26%
217,tall kneeling good morning hands on hips,List A,1074,16,0.00%,100.00%,100.00%,1,0,98.43%,156,90.18%,0.00%,0.00,-0.22%,-3.00%
218,tall kneeling good morning with dumbbell,List A,1075,15,3.33%,93.33%,93.33%,1,-0.3333333,99.31%,148,85.78%,0.98%,-2.00,-0.12%,0.46%
219,tall kneeling good mornings hands behind head,List A,1484,3,0.00%,100.00%,100.00%,1,0,100.00%,40,0.63%,0.00%,0.00,0.00%,-0.61%
220,tricep kickback kneeling alternating with resting arm down,MVP,1261,15,8.09%,46.67%,73.33%,1,-0.7333333,99.27%,166,69.09%,-0.54%,0.00,0.80%,-4.88%
221,tricep kickback kneeling alternating with resting arm up,List A,1262,13,18.46%,30.77%,46.15%,0,-1.5384615,99.70%,130,50.16%,8.46%,0.00,-0.01%,-0.02%
222,tricep kickback kneeling both arms,MVP,1260,17,2.89%,82.35%,94.12%,1,0.17647059,97.77%,170,71.60%,1.28%,0.00,0.35%,1.80%
223,tricep kickback standing alternating with resting arm down,MVP,1270,12,13.52%,50.00%,58.33%,0,-1.3333333,100.00%,118,83.55%,1.00%,0.00,0.00%,5.42%
224,tricep kickback standing alternating with resting arm up,List A,1269,10,18.25%,20.00%,50.00%,0,-1.4,100.00%,99,78.20%,4.00%,0.00,0.00%,5.80%
225,tricep kickback standing both arms,MVP,1267,18,7.37%,72.22%,77.78%,1,-0.2222222,99.67%,207,76.28%,2.14%,0.00,0.13%,4.06%
226,tricep kickback standing single arm with resting arm down,MVP,1268,20,7.96%,65.00%,85.00%,1,0.1,99.80%,393,82.06%,-1.43%,0.00,0.29%,-0.16%
227,tuck jump consecutive,List A,1076,17,33.41%,11.76%,35.29%,0,-6.1176471,91.62%,360,39.50%,3.24%,0.00,-3.85%,8.13%
228,tuck jump with pause,List A,1077,15,16.27%,33.33%,66.67%,0,-2.0666667,87.19%,175,51.27%,0.93%,-2.00,-3.72%,8.38%
229,tuck up arms overhead,MVP,1124,18,13.85%,61.11%,77.78%,0,-0.7222222,82.14%,160,85.49%,-0.20%,0.00,-1.55%,-1.33%
230,tuck up assisted,MVP,1730,11,2.34%,72.73%,100.00%,1,-0.2727273,97.93%,121,81.19%,0.00%,0.00,0.33%,-0.28%
231,tuck up both legs arms by side,MVP,1123,5,2.00%,80.00%,100.00%,1,0.2,99.26%,51,82.19%,2.00%,0.00,0.61%,-3.44%
232,tuck up hands grab feet,MVP,1126,14,2.14%,78.57%,100.00%,1,0.21428571,94.33%,127,92.36%,-0.88%,-2.00,0.22%,-0.13%
233,tuck up hands grab knees,MVP,1125,17,3.79%,64.71%,100.00%,1,0.11764706,96.81%,160,86.53%,-1.69%,-2.00,-0.17%,2.57%
234,turkish getup alternating,List A,1127,10,135.61%,10.00%,20.00%,0,6.9,99.05%,52,77.01%,,,,
235,turkish getup same side,List A,1128,12,177.52%,0.00%,16.67%,0,11.9166667,95.24%,76,82.85%,,,,
236,v up arms by side,MVP,1129,12,0.83%,91.67%,100.00%,1,-0.0833333,97.31%,117,85.92%,-0.60%,-2.00,2.09%,3.55%
237,v up arms overhead,MVP,1130,16,7.90%,62.50%,81.25%,1,0.25,95.65%,144,79.14%,4.52%,-4.00,0.11%,0.28%
238,v up assisted,MVP,1131,15,5.14%,66.67%,80.00%,1,0.13333333,99.19%,153,79.64%,-0.15%,0.00,0.32%,0.51%
239,wide grip bent over row alternating with resting arm down,MVP,1721,6,10.12%,50.00%,66.67%,0,-0.6666667,96.06%,76,70.46%,-1.79%,0.00,0.21%,5.29%
240,wide grip bent over row alternating with resting arm up,List A,1718,8,10.74%,37.50%,62.50%,0,-0.25,99.94%,118,48.70%,2.16%,0.00,0.31%,-7.05%
241,wide grip bent over row both arms,MVP,1719,6,0.00%,100.00%,100.00%,1,0,100.00%,67,95.88%,0.00%,0.00,0.00%,-0.68%
242,wide grip chest press hook lying both arms,MVP,1523,4,2.08%,75.00%,100.00%,1,0.25,100.00%,51,90.92%,0.00%,0.00,1.11%,3.08%
243,wide grip chest press table top both arms,MVP,1527,4,10.26%,25.00%,75.00%,0,0.75,99.90%,50,51.29%,8.17%,0.00,-0.10%,8.50%
244,wood chop kneeling alternating,MVP,1136,10,2.00%,80.00%,100.00%,1,0.2,99.29%,144,98.90%,-4.39%,0.00,0.55%,-0.05%
245,wood chop kneeling single side,MVP,1133,5,1.05%,80.00%,100.00%,1,0.2,99.68%,100,98.73%,-2.00%,0.00,0.16%,0.08%
246,wood chop one knee,MVP,1140,11,8.20%,36.36%,63.64%,1,-0.0909091,96.63%,223,98.20%,0.95%,-1.00,-0.27%,0.23%
247,wood chop sitting alternating,MVP,1135,10,9.42%,60.00%,80.00%,1,0.4,99.96%,131,98.57%,-5.62%,-1.00,0.11%,0.05%
248,wood chop sitting single side,MVP,1134,4,2.78%,75.00%,75.00%,1,0.5,100.00%,79,98.28%,-1.33%,-1.00,0.85%,-0.15%
249,wood chop standing alternating,MVP,1137,10,2.94%,70.00%,90.00%,1,0,99.94%,134,98.85%,-4.38%,0.00,0.16%,0.00%
250,wood chop standing single side,MVP,1315,9,1.20%,77.78%,100.00%,1,0,99.54%,154,99.04%,-2.04%,0.00,0.60%,0.23%
251,zottman curl balancing alternating with resting arm down,MVP,1291,8,0.00%,100.00%,100.00%,1,0,97.46%,82,98.48%,-1.25%,0.00,-0.22%,0.89%
252,zottman curl kneeling both arms,MVP,1279,13,2.91%,76.92%,92.31%,1,0,98.98%,131,93.59%,0.50%,0.00,0.43%,-3.60%
253,zottman curl standing alternating with resting arm down,MVP,1287,8,0.00%,100.00%,100.00%,1,0,98.41%,77,97.63%,0.00%,0.00,-0.14%,0.41%
254,zottman curl standing alternating with resting arm up,List A,1281,8,18.13%,0.00%,75.00%,0,1.75,99.89%,78,98.39%,2.50%,0.00,-0.11%,0.20%
255,zottman curl standing both arms,MVP,1282,12,5.83%,83.33%,83.33%,1,-0.5833333,97.28%,110,99.36%,0.00%,0.00,-0.36%,0.02%
,,,,,,,,,,,,,,,,
,,,,,,,,,,,,,,,,
,,,,,,,,,,,,,,,,
All,Average,,,11.69,8.34%,64.68%,85.50%,0.75,0.00,97.17%,,85.19%,-0.07%,,1.04%,1.39%
,Sum,256,,2993,,,,,,,,,,-113.00,,
,,,,,,,,,,,,,,,,
MVP,Average,,,11.55,5.04%,70.16%,90.41%,0.86,-0.09,96.97%,,88.34%,-0.01%,,0.82%,0.67%
,Sum,182,,2102,,,,,,,,,,-58.00,,
,,,,,,,,,,,,,,,,
List A,Average,,,12.04,16.45%,51.20%,73.44%,0.49,0.23,97.64%,,77.44%,-0.24%,,1.60%,3.21%
,Sum,74,,891,,,,,,,,,,-55.00,,